TARGET_CLASS,criterion,BranchCoverage,Coverage,Covered_Goals,Total_Goals
com.anotherbigidea.util.Hex,BRANCH,1.0,1.0,27,27
com.anotherbigidea.util.Base64,BRANCH,0.9444444444444444,0.9722222222222222,34,36
com.anotherbigidea.io.InStream,BRANCH,1.0,1.0,72,72
com.anotherbigidea.io.Byte4ByteDebugStreams,BRANCH,1.0,1.0,10,10
com.anotherbigidea.io.OutStream,BRANCH,1.0,1.0,70,70
com.anotherbigidea.flash.sound.ADPCMEncodeStream,BRANCH,1.0,1.0,46,46
com.anotherbigidea.flash.sound.ADPCMHelper,BRANCH,0.2028985507246377,0.2028985507246377,14,69
com.anotherbigidea.flash.sound.MP3Frame,BRANCH,0.43103448275862066,0.4482758620689655,25,58
com.anotherbigidea.flash.sound.SoundStreamHead,BRANCH,1.0,1.0,3,3
com.anotherbigidea.flash.sound.MP3Helper,BRANCH,0.037037037037037035,0.037037037037037035,1,27
com.anotherbigidea.flash.sound.RawHelper,BRANCH,0.01694915254237288,0.01694915254237288,1,59
com.anotherbigidea.flash.Unprotector,BRANCH,1.0,1.0,5,5
com.anotherbigidea.flash.readers.SWFReader,BRANCH,0.6875,0.6875,11,16
com.anotherbigidea.flash.readers.TagParser,BRANCH,0.7494199535962877,0.7470997679814385,323,431
com.anotherbigidea.flash.readers.MovieBuilder,BRANCH,0.8311688311688312,0.8311688311688312,192,231
com.anotherbigidea.flash.readers.ActionParser,BRANCH,0.9593301435406698,0.9593301435406698,401,418
com.anotherbigidea.flash.movie.Instance,BRANCH,1.0,1.0,3,3
com.anotherbigidea.flash.movie.FontDefinition,BRANCH,0.8723404255319149,0.8723404255319149,41,47
com.anotherbigidea.flash.movie.Movie,BRANCH,1.0,1.0,75,75
com.anotherbigidea.flash.movie.Button,BRANCH,1.0,1.0,39,39
com.anotherbigidea.flash.movie.Frame,BRANCH,1.0,1.0,57,57
com.anotherbigidea.flash.movie.MorphShape,BRANCH,1.0,1.0,6,6
com.anotherbigidea.flash.movie.QTMovie,BRANCH,1.0,1.0,4,4
com.anotherbigidea.flash.movie.Placement,BRANCH,1.0,1.0,43,43
com.anotherbigidea.flash.movie.ImportedSymbol,BRANCH,1.0,1.0,4,4
com.anotherbigidea.flash.movie.Text,BRANCH,0.8769230769230769,0.8769230769230769,57,65
com.anotherbigidea.flash.movie.ImageUtil,BRANCH,0.23809523809523808,0.23809523809523808,10,42
com.anotherbigidea.flash.movie.Symbol,BRANCH,1.0,1.0,6,6
com.anotherbigidea.flash.movie.ExportedSymbol,BRANCH,1.0,1.0,3,3
com.anotherbigidea.flash.movie.FontLoader,BRANCH,1.0,1.0,31,31
com.anotherbigidea.flash.movie.Image,BRANCH,1.0,1.0,17,17
com.anotherbigidea.flash.movie.SystemFontDefinition,BRANCH,0.8888888888888888,0.8888888888888888,16,18
com.anotherbigidea.flash.movie.EditField,BRANCH,0.9838709677419355,1.0,61,62
com.anotherbigidea.flash.movie.Transform,BRANCH,1.0,1.0,11,11
com.anotherbigidea.flash.movie.Font,BRANCH,0.7912087912087912,0.7912087912087912,72,91
com.anotherbigidea.flash.movie.Shape,BRANCH,0.975609756097561,0.975609756097561,160,164
com.anotherbigidea.flash.movie.Sound,BRANCH,1.0,1.0,4,4
com.anotherbigidea.flash.movie.MovieClip,BRANCH,1.0,1.0,19,19
com.anotherbigidea.flash.movie.Actions,BRANCH,1.0,1.0,8,8
com.anotherbigidea.flash.writers.SWFTagDumper,BRANCH,1.0,1.0,141,141
com.anotherbigidea.flash.writers.TagWriter,BRANCH,0.9264705882352942,0.9264705882352942,378,408
com.anotherbigidea.flash.writers.ActionWriter,BRANCH,1.0,1.0,194,194
com.anotherbigidea.flash.writers.SWFWriter,BRANCH,1.0,1.0,32,32
com.anotherbigidea.flash.writers.SWFTagTypesImpl,BRANCH,1.0,1.0,101,101
com.anotherbigidea.flash.writers.SWFActionsImpl,BRANCH,1.0,1.0,209,209
com.anotherbigidea.flash.writers.ActionTextWriter,BRANCH,0.9930555555555556,0.9930555555555556,143,144
com.anotherbigidea.flash.writers.DummySWFWriter,BRANCH,1.0,1.0,3,3
com.anotherbigidea.flash.structs.FillStyle,BRANCH,0.7333333333333333,0.7333333333333333,33,45
com.anotherbigidea.flash.structs.AlphaTransform,BRANCH,1.0,1.0,21,21
com.anotherbigidea.flash.structs.ButtonRecord,BRANCH,1.0,1.0,24,24
com.anotherbigidea.flash.structs.Color,BRANCH,1.0,1.0,18,18
com.anotherbigidea.flash.structs.ColorTransform,BRANCH,1.0,1.0,106,106
com.anotherbigidea.flash.structs.LineStyle,BRANCH,1.0,1.0,6,6
com.anotherbigidea.flash.structs.Rect,BRANCH,1.0,1.0,23,23
com.anotherbigidea.flash.structs.ButtonRecord2,BRANCH,1.0,1.0,10,10
com.anotherbigidea.flash.structs.SoundInfo,BRANCH,1.0,1.0,64,64
com.anotherbigidea.flash.structs.Matrix,BRANCH,1.0,1.0,40,40
com.anotherbigidea.flash.structs.AlphaColor,BRANCH,1.0,1.0,12,12
com.incors.plaf.FastGradientPaint,BRANCH,1.0,1.0,4,4
com.incors.plaf.kunststoff.KunststoffInternalFrameUI,BRANCH,0.8947368421052632,0.8947368421052632,17,19
com.incors.plaf.kunststoff.KunststoffTheme,BRANCH,1.0,1.0,8,8
com.incors.plaf.kunststoff.ModifiedDefaultListCellRenderer,BRANCH,1.0,1.0,2,2
com.incors.plaf.kunststoff.KunststoffUtilities,BRANCH,0.8571428571428571,0.8571428571428571,12,14
com.incors.plaf.kunststoff.KunststoffInternalFrameTitlePane,BRANCH,1.0,1.0,2,2
com.incors.plaf.kunststoff.KunststoffGradientTheme,BRANCH,1.0,1.0,7,7
com.incors.plaf.kunststoff.KunststoffScrollButton,BRANCH,0.09090909090909091,0.09090909090909091,1,11
com.incors.plaf.kunststoff.KunststoffTextFieldUI,BRANCH,0.42857142857142855,0.42857142857142855,3,7
com.incors.plaf.kunststoff.KunststoffTextAreaUI,BRANCH,0.3333333333333333,0.3333333333333333,2,6
com.incors.plaf.kunststoff.KunststoffToolBarUI,BRANCH,0.42857142857142855,0.42857142857142855,6,14
com.incors.plaf.kunststoff.KunststoffMenuBarUI,BRANCH,0.3333333333333333,0.3333333333333333,2,6
com.incors.plaf.kunststoff.KunststoffListUI,BRANCH,0.08333333333333333,0.08333333333333333,2,24
com.incors.plaf.kunststoff.KunststoffProgressBarUI,BRANCH,0.3333333333333333,0.3333333333333333,4,12
com.incors.plaf.kunststoff.KunststoffLookAndFeel,BRANCH,1.0,1.0,23,23
com.incors.plaf.kunststoff.KunststoffTabbedPaneUI,BRANCH,0.14285714285714285,0.14285714285714285,5,35
com.incors.plaf.kunststoff.KunststoffButtonUI,BRANCH,0.1,0.1,2,20
com.incors.plaf.kunststoff.KunststoffCheckBoxIcon,BRANCH,0.2,0.2,1,5
com.incors.plaf.kunststoff.KunststoffComboBoxUI,BRANCH,0.29411764705882354,0.29411764705882354,5,17
com.incors.plaf.kunststoff.KunststoffScrollBarUI,BRANCH,0.5,0.5,4,8
com.incors.plaf.kunststoff.KunststoffCheckBoxUI,BRANCH,1.0,1.0,3,3
com.incors.plaf.kunststoff.KunststoffTableHeaderUI,BRANCH,0.5,0.5,4,8
com.incors.plaf.kunststoff.KunststoffMenuUI,BRANCH,0.16666666666666666,0.16666666666666666,2,12
com.incors.plaf.kunststoff.KunststoffTreeUI,BRANCH,0.875,0.875,7,8
com.incors.plaf.kunststoff.KunststoffPasswordFieldUI,BRANCH,1.0,1.0,4,4
com.incors.plaf.kunststoff.themes.KunststoffPresentationTheme,BRANCH,1.0,1.0,14,14
com.incors.plaf.kunststoff.themes.KunststoffNotebookTheme,BRANCH,1.0,1.0,14,14
com.incors.plaf.kunststoff.themes.KunststoffDesktopTheme,BRANCH,1.0,1.0,8,8
com.incors.plaf.kunststoff.KunststoffToggleButtonUI,BRANCH,0.1,0.1,2,20
com.incors.plaf.ColorUIResource2,BRANCH,1.0,1.0,26,26
com.incors.plaf.FastGradientPaintContext,BRANCH,0.10638297872340426,0.851063829787234,5,47
org.apache.batik.ext.awt.LinearGradientPaintContext,BRANCH,0.0,0.0,0,124
org.apache.batik.ext.awt.image.SVGComposite,BRANCH,0.7785234899328859,0.8422818791946308,232,298
org.apache.batik.ext.awt.image.GraphicsUtil,BRANCH,0.4297994269340974,0.4297994269340974,150,349
org.apache.batik.ext.awt.image.PadMode,BRANCH,0.1111111111111111,0.1111111111111111,1,9
org.apache.batik.ext.awt.image.rendered.MultiplyAlphaRed,BRANCH,0.0410958904109589,0.0410958904109589,3,73
org.apache.batik.ext.awt.image.rendered.AbstractTiledRed,BRANCH,0.006802721088435374,0.006802721088435374,1,147
org.apache.batik.ext.awt.image.rendered.FormatRed,BRANCH,0.05454545454545454,0.05454545454545454,3,55
org.apache.batik.ext.awt.image.rendered.Any2LsRGBRed,BRANCH,0.038461538461538464,0.038461538461538464,2,52
org.apache.batik.ext.awt.image.rendered.BufferedImageCachableRed,BRANCH,0.18181818181818182,0.18181818181818182,2,11
org.apache.batik.ext.awt.image.rendered.TileBlock,BRANCH,0.9716981132075472,0.9716981132075472,103,106
org.apache.batik.ext.awt.image.rendered.Any2sRGBRed,BRANCH,0.22972972972972974,0.22972972972972974,17,74
org.apache.batik.ext.awt.image.rendered.AbstractRed,BRANCH,0.022388059701492536,0.022388059701492536,3,134
org.apache.batik.ext.awt.image.rendered.PadRed,BRANCH,0.19607843137254902,0.19607843137254902,20,102
org.apache.batik.ext.awt.image.rendered.AffineRed,BRANCH,0.029411764705882353,0.029411764705882353,1,34
org.apache.batik.ext.awt.image.rendered.TranslateRed,BRANCH,0.1,0.1,1,10
org.apache.batik.ext.awt.image.rendered.TileGrid,BRANCH,0.9387755102040817,0.9387755102040817,46,49
org.apache.batik.ext.awt.image.rendered.TileCache,BRANCH,1.0,1.0,5,5
org.apache.batik.ext.awt.image.rendered.LRUCache,BRANCH,1.0,1.0,33,33
org.apache.batik.ext.awt.image.rendered.TileLRUMember,BRANCH,0.9444444444444444,0.9444444444444444,17,18
org.apache.batik.ext.awt.image.rendered.RenderedImageCachableRed,BRANCH,0.1,0.1,3,30
org.apache.batik.ext.awt.image.rendered.TileMap,BRANCH,0.5925925925925926,0.5925925925925926,16,27
org.apache.batik.ext.awt.image.CompositeRule,BRANCH,0.5208333333333334,0.5208333333333334,25,48
org.apache.batik.ext.awt.AreaOfInterestHintKey,BRANCH,0.2,1.0,1,5
org.apache.batik.ext.awt.MultipleGradientPaint,BRANCH,0.8888888888888888,0.8888888888888888,32,36
org.apache.batik.ext.awt.TranscodingHintKey,BRANCH,0.2,1.0,1,5
org.apache.batik.ext.awt.LinearGradientPaint,BRANCH,1.0,1.0,13,13
org.apache.batik.ext.awt.RadialGradientPaintContext,BRANCH,0.0,0.0,0,90
org.apache.batik.ext.awt.MultipleGradientPaintContext,BRANCH,0.12027491408934708,0.140893470790378,35,291
org.apache.batik.ext.awt.BufferedImageHintKey,BRANCH,0.1111111111111111,0.8888888888888888,1,9
org.apache.batik.ext.awt.ColorSpaceHintKey,BRANCH,0.07692307692307693,1.0,1,13
org.apache.batik.ext.awt.RenderingHintsKeyExt,BRANCH,1.0,1.0,0,0
org.apache.batik.ext.awt.RadialGradientPaint,BRANCH,0.875,0.875,14,16
org.apache.batik.util.DoublyLinkedList,BRANCH,1.0,1.0,40,40
TestGradient,BRANCH,0.4,0.4,2,5
at.bestsolution.ext.swing.icon.SolidColoredIcon,BRANCH,0.8333333333333334,0.8333333333333334,15,18
at.bestsolution.ext.swing.icon.GradientIcon,BRANCH,0.7894736842105263,0.7894736842105263,15,19
at.bestsolution.ext.swing.GradientJRadioButtonMenuItem,BRANCH,0.8571428571428571,1.0,6,7
at.bestsolution.ext.swing.GradientJRadioButton,BRANCH,1.0,1.0,7,7
at.bestsolution.ext.swing.dialog.PreviewPanel,BRANCH,0.8,0.8,16,20
at.bestsolution.ext.swing.dialog.JGradientChooser,BRANCH,0.25,0.25,2,8
at.bestsolution.ext.swing.dialog.FilePreviewer,BRANCH,0.8,0.9333333333333333,12,15
at.bestsolution.ext.swing.dialog.AlphaColorChooser,BRANCH,0.14285714285714285,0.14285714285714285,1,7
at.bestsolution.ext.swing.AlphaColorJButton,BRANCH,1.0,1.0,8,8
at.bestsolution.ext.swing.GradientJButton,BRANCH,1.0,1.0,6,6
at.bestsolution.ext.swing.AlphaColorJMenuItem,BRANCH,1.0,1.0,6,6
at.bestsolution.ext.awt.FontLoader,BRANCH,0.9473684210526315,0.9473684210526315,18,19
at.bestsolution.drawswf.menu.DrawFileMenu,BRANCH,0.2,0.2,2,10
at.bestsolution.drawswf.menu.DrawToolsMenu,BRANCH,0.18181818181818182,0.18181818181818182,2,11
at.bestsolution.drawswf.menu.DrawEditMenu,BRANCH,0.2857142857142857,0.2857142857142857,2,7
at.bestsolution.drawswf.menu.DrawHelpMenu,BRANCH,0.5,0.5,2,4
at.bestsolution.drawswf.menu.DrawMovieMenu,BRANCH,0.4,0.4,2,5
at.bestsolution.drawswf.DrawMenuBar,BRANCH,0.07142857142857142,0.07142857142857142,1,14
at.bestsolution.drawswf.actions.AbstractDrawAction,BRANCH,1.0,1.0,3,3
at.bestsolution.drawswf.actions.SaveSWFAction,BRANCH,0.16666666666666666,0.16666666666666666,2,12
at.bestsolution.drawswf.actions.FileAction,BRANCH,0.35714285714285715,0.35714285714285715,5,14
at.bestsolution.drawswf.actions.RedoAction,BRANCH,1.0,1.0,3,3
at.bestsolution.drawswf.actions.SaveAction,BRANCH,1.0,1.0,3,3
at.bestsolution.drawswf.actions.SetDrawing2GradientAction,BRANCH,1.0,1.0,3,3
at.bestsolution.drawswf.actions.UndoAction,BRANCH,1.0,1.0,3,3
at.bestsolution.drawswf.actions.SetColorAction,BRANCH,0.6666666666666666,0.7619047619047619,14,21
at.bestsolution.drawswf.actions.SetCanvasSizeAction,BRANCH,0.14285714285714285,0.14285714285714285,2,14
at.bestsolution.drawswf.actions.AboutAction,BRANCH,0.75,0.75,3,4
at.bestsolution.drawswf.actions.OpenOptionsDialogAction,BRANCH,1.0,1.0,3,3
at.bestsolution.drawswf.actions.ObjectListAction,BRANCH,1.0,1.0,2,2
at.bestsolution.drawswf.actions.PlayAction,BRANCH,1.0,1.0,3,3
at.bestsolution.drawswf.actions.SetLineWidthAction,BRANCH,0.75,0.75,3,4
at.bestsolution.drawswf.actions.GraphicTemplateAction,BRANCH,0.5,0.5,3,6
at.bestsolution.drawswf.actions.NewFileAction,BRANCH,0.14285714285714285,0.14285714285714285,2,14
at.bestsolution.drawswf.actions.ClearAction,BRANCH,1.0,1.0,3,3
at.bestsolution.drawswf.actions.SetDrawingModeAction,BRANCH,1.0,1.0,3,3
at.bestsolution.drawswf.actions.ExitAction,BRANCH,1.0,1.0,2,2
at.bestsolution.drawswf.AnimationThread,BRANCH,1.0,1.0,2,2
at.bestsolution.drawswf.toolbar.DrawFileToolbar,BRANCH,0.2222222222222222,0.2222222222222222,2,9
at.bestsolution.drawswf.toolbar.DrawEditToolbar,BRANCH,0.2857142857142857,0.2857142857142857,2,7
at.bestsolution.drawswf.toolbar.DrawMovieToolbar,BRANCH,0.4,0.4,2,5
at.bestsolution.drawswf.toolbar.DrawToolsToolbar,BRANCH,0.18181818181818182,0.18181818181818182,2,11
at.bestsolution.drawswf.MainWindow,BRANCH,0.18518518518518517,0.18518518518518517,5,27
at.bestsolution.drawswf.PictureDialog,BRANCH,1.0,1.0,1,1
at.bestsolution.drawswf.LineWidthChooser,BRANCH,0.25,0.25,1,4
at.bestsolution.drawswf.util.DrawSWFConfig,BRANCH,0.8571428571428571,0.8571428571428571,6,7
at.bestsolution.drawswf.GenericFileFilter,BRANCH,1.0,1.0,16,16
at.bestsolution.drawswf.dialog.OptionsDialog,BRANCH,0.07142857142857142,0.07142857142857142,1,14
at.bestsolution.drawswf.dialog.OpenList,BRANCH,1.0,1.0,18,18
at.bestsolution.drawswf.dialog.FontDialog,BRANCH,0.02631578947368421,0.02631578947368421,1,38
at.bestsolution.drawswf.DrawToolBar,BRANCH,0.08333333333333333,0.08333333333333333,1,12
at.bestsolution.drawswf.PluginLoader,BRANCH,0.5555555555555556,0.5555555555555556,5,9
at.bestsolution.drawswf.drawobjects.Picture,BRANCH,0.5384615384615384,0.5384615384615384,14,26
at.bestsolution.drawswf.drawobjects.DrawSWFFont,BRANCH,1.0,1.0,8,8
at.bestsolution.drawswf.drawobjects.Text,BRANCH,0.32727272727272727,0.32727272727272727,18,55
at.bestsolution.drawswf.drawobjects.Line,BRANCH,0.4666666666666667,0.4666666666666667,21,45
at.bestsolution.drawswf.drawobjects.Rectangle,BRANCH,0.525,0.525,21,40
at.bestsolution.drawswf.drawobjects.StraightLine,BRANCH,0.7692307692307693,0.7692307692307693,20,26
at.bestsolution.drawswf.drawobjects.DrawObjectFactory,BRANCH,0.6862745098039216,0.6862745098039216,35,51
at.bestsolution.drawswf.drawobjects.DrawObject,BRANCH,0.74,0.74,37,50
at.bestsolution.drawswf.drawobjects.Ellipse,BRANCH,0.5945945945945946,0.5945945945945946,22,37
at.bestsolution.drawswf.FlashGenerator,BRANCH,1.0,1.0,5,5
at.bestsolution.drawswf.IconProvider,BRANCH,1.0,1.0,4,4
at.bestsolution.drawswf.DrawObjectTableCellEditor,BRANCH,0.09523809523809523,0.09523809523809523,2,21
at.bestsolution.drawswf.AboutWindow,BRANCH,0.25,0.25,1,4
at.bestsolution.drawswf.AbstractPlugin,BRANCH,0.4,0.4,2,5
at.bestsolution.drawswf.DrawingPanel,BRANCH,0.4732142857142857,0.5357142857142857,53,112
at.bestsolution.drawswf.DrawObjectTableCellRenderer,BRANCH,0.8571428571428571,0.8571428571428571,6,7
at.bestsolution.drawswf.PropertiesDialog,BRANCH,0.1,0.1,1,10
at.bestsolution.drawswf.DrawObjectList,BRANCH,0.05,0.05,1,20
at.bestsolution.drawswf.SplashScreen,BRANCH,0.07142857142857142,0.07142857142857142,1,14
at.bestsolution.util.BestsolutionConfiguration,BRANCH,0.9333333333333333,0.9333333333333333,14,15
at.bestsolution.util.ExtensionsClassLoader,BRANCH,0.5714285714285714,0.5714285714285714,8,14
at.bestsolution.util.BestsolutionConfigurationEditorFactory,BRANCH,0.6666666666666666,0.6666666666666666,2,3
at.bestsolution.util.BestsolutionConfigurationEditor,BRANCH,0.3333333333333333,0.3333333333333333,4,12
DrawSWF,BRANCH,1.0,1.0,2,2
